Contagem;;Primeiro Grupo;Primeiro Grupo;Primeiro Grupo;Primeiro Grupo;Primeiro Grupo;Primeiro Grupo;Primeiro Grupo;Primeiro Grupo;Primeiro Grupo;Primeiro Grupo;Primeiro Grupo;Primeiro Grupo;;Segundo Grupo;Segundo Grupo;Segundo Grupo;Segundo Grupo;Segundo Grupo;Segundo Grupo;;;;
Seq;;1;2;3;4;5;7;8;9;10;12;6;13;15;16;17;19;20;21;22;23;24;25;26
Texto à Esquerda;Caso Clínico;Creme da Noite;Creme do Dia Rejuvenescedor;Creme do Dia Rejuvenescedor Verão;Creme do Dia Rejuvenescedor Inverno;Creme de Limpeza Syndet;Creme dos Olhos;Base Tonalité com FPS50;Sérum Vitamina C;Loção Clareadora de Manchas;Gel Secativo de Acne;Creme Firmador de Ação Profunda;Sérum Anti-Queda Capilar;;Duo Mask;Protetor Solar FPS80 e Hidratante ;Sérum Vitamina C;Creme da Noite das Mãos;Creme do Dia das Mãos;Creme do Corpo;Fim;Coluna Extra;Coluna Extra;Coluna Extra
Teste?;;;;;;;;;;;;Teste Flacidez média ou intensa?;Teste Queda?;Linhas?;;;;;;;;;;
Marcar?;;Marcar;Marcar;Marcar;Marcar;Marcar;Marcar;Marcar;Marcar;Marcar;Marcar;Marcar;Marcar;;;;;;;;;;;
1;PSM1R1A1;R0,0015H3-DYN3;HYDRAMINCE DYNAMISEE 3;;;BIONAISSANCE-SENSITIVE;HYALU CREAM;TONALITE-__-G30;REVELUMIE-G15;;;DEMERANE-ULTRA-30G;CAPILVELT;Linhas 0;DUO-MASK;HYDRAMINCE DYNAMISEE 1;;MAOS-NOITE-R0,035H12-DYN3;MAOS-DIA-DYNAMISEE-3;CORPO-CREME;*****;;;
2;PSM1R1A2;R0,0025H3-NEODELINE;HYDRAMINCE DYNAMISEE 2;;;BIONAISSANCE-SENSITIVE;HYALU-CREAM;TONALITE-__-G30;REVELUMIE-G15;;DESINFLAM-G15;DEMERANE-ULTRA-30G;CAPILVELT;Linhas 0;DUO-MASK;HYDRAMINCE DYNAMISEE 1;;MAOS-NOITE-R0,035H12-DYN3;MAOS-DIA-DYNAMISEE-3;CORPO-CREME;*****;;;
3;PSM1R1A3;R0,01H3-NEODELINE;HYDRAMINCE DYNAMISEE 1;;;BIONAISSANCE-SENSITIVE;HYALU-CREAM;TONALITE-__-G30;REVELUMIE-G15;;DESINFLAM-G15;DEMERANE-ULTRA-30G;CAPILVELT;Linhas 0;DUO-MASK;;;MAOS-NOITE-R0,035H12-DYN3;MAOS-DIA-DYNAMISEE-3;CORPO-CREME;*****;;;
4;PSM1R2A1;R0,0015H3-DYN3;HYDRAMINCE DYNAMISEE 3;;;BIONAISSANCE-SENSITIVE;HYALU-CREAM;TONALITE-__-G30;REVELUMIE-G15;;;DEMERANE-ULTRA-30G;CAPILVELT;Linhas 0;DUO-MASK;HYDRAMINCE DYNAMISEE 1;;MAOS-NOITE-R0,035H12-DYN3;MAOS-DIA-DYNAMISEE-3;CORPO-CREME;*****;;;
5;PSM1R2A2;R0,0025H3-NEODELINE;HYDRAMINCE DYNAMISEE 2;;;BIONAISSANCE-SENSITIVE;HYALU-CREAM;TONALITE-__-G30;REVELUMIE-G15;;DESINFLAM-G15;DEMERANE-ULTRA-30G;CAPILVELT;Linhas 0;DUO-MASK;HYDRAMINCE DYNAMISEE 1;;MAOS-NOITE-R0,035H12-DYN3;MAOS-DIA-DYNAMISEE-3;CORPO-CREME;*****;;;
6;PSM1R2A3;R0,01H3-NEODELINE;HYDRAMINCE DYNAMISEE 1;;;BIONAISSANCE-SENSITIVE;HYALU-CREAM;TONALITE-__-G30;REVELUMIE-G15;;DESINFLAM-G15;DEMERANE-ULTRA-30G;CAPILVELT;Linhas 0;DUO-MASK;;;MAOS-NOITE-R0,035H12-DYN3;MAOS-DIA-DYNAMISEE-3;CORPO-CREME;*****;;;
7;PSM1R3A1;R0,0025H3-DYN3;HYDRAMINCE DYNAMISEE 3;;;BIONAISSANCE-SENSITIVE;HYALU-CREAM;TONALITE-__-G30;REVELUMIE-G15;;;DEMERANE-ULTRA-30G;CAPILVELT;Linhas 0;DUO-MASK;HYDRAMINCE DYNAMISEE 1;;MAOS-NOITE-R0,035H12-DYN3;MAOS-DIA-DYNAMISEE-3;CORPO-CREME;*****;;;
8;PSM1R3A2;R0,005H3-NEODELINE;HYDRAMINCE DYNAMISEE 2;;;BIONAISSANCE-SENSITIVE;HYALU-CREAM;TONALITE-__-G30;REVELUMIE-G15;;DESINFLAM-G15;DEMERANE-ULTRA-30G;CAPILVELT;Linhas 0;DUO-MASK;HYDRAMINCE DYNAMISEE 1;;MAOS-NOITE-R0,035H12-DYN3;MAOS-DIA-DYNAMISEE-3;CORPO-CREME;*****;;;
9;PSM1R3A3;R0,01H3-NEODELINE;HYDRAMINCE DYNAMISEE 1;;;BIONAISSANCE-SENSITIVE;HYALU-CREAM;TONALITE-__-G30;REVELUMIE-G15;;DESINFLAM-G15;DEMERANE-ULTRA-30G;CAPILVELT;Linhas 0;DUO-MASK;;;MAOS-NOITE-R0,035H12-DYN3;MAOS-DIA-DYNAMISEE-3;CORPO-CREME;*****;;;
10;PSM2R1A1;R0,0015H8-DYN3;HYDRAMINCE DYNAMISEE 3;;;BIONAISSANCE-SENSITIVE;HYALU-CREAM;TONALITE-__-G30;REVELUMIE-G15;;;DEMERANE-ULTRA-30G;CAPILVELT;Linhas 0;DUO-MASK;HYDRAMINCE DYNAMISEE 1;;MAOS-NOITE-R0,035H12-DYN3;MAOS-DIA-DYNAMISEE-3;CORPO-CREME;*****;;;
11;PSM2R1A2;R0,0025H8-NEODELINE;HYDRAMINCE DYNAMISEE 2;;;BIONAISSANCE-SENSITIVE;HYALU-CREAM;TONALITE-__-G30;REVELUMIE-G15;;DESINFLAM-G15;DEMERANE-ULTRA-30G;CAPILVELT;Linhas 0;DUO-MASK;HYDRAMINCE DYNAMISEE 1;;MAOS-NOITE-R0,035H12-DYN3;MAOS-DIA-DYNAMISEE-3;CORPO-CREME;*****;;;
12;PSM2R1A3;R0,01H8-NEODELINE;HYDRAMINCE DYNAMISEE 1;;;BIONAISSANCE-SENSITIVE;HYALU-CREAM;TONALITE-__-G30;REVELUMIE-G15;;DESINFLAM-G15;DEMERANE-ULTRA-30G;CAPILVELT;Linhas 0;DUO-MASK;;;MAOS-NOITE-R0,035H12-DYN3;MAOS-DIA-DYNAMISEE-3;CORPO-CREME;*****;;;
13;PSM2R2A1;R0,0015H8-DYN3;HYDRAMINCE DYNAMISEE 3;;;BIONAISSANCE-SENSITIVE;HYALU-CREAM;TONALITE-__-G30;REVELUMIE-G15;;;DEMERANE-ULTRA-30G;CAPILVELT;Linhas 0;DUO-MASK;HYDRAMINCE DYNAMISEE 1;;MAOS-NOITE-R0,035H12-DYN3;MAOS-DIA-DYNAMISEE-3;CORPO-CREME;*****;;;
14;PSM2R2A2;R0,0025H8-NEODELINE;HYDRAMINCE DYNAMISEE 2;;;BIONAISSANCE-SENSITIVE;HYALU-CREAM;TONALITE-__-G30;REVELUMIE-G15;;DESINFLAM-G15;DEMERANE-ULTRA-30G;CAPILVELT;Linhas 0;DUO-MASK;HYDRAMINCE DYNAMISEE 1;;MAOS-NOITE-R0,035H12-DYN3;MAOS-DIA-DYNAMISEE-3;CORPO-CREME;*****;;;
15;PSM2R2A3;R0,01H8-NEODELINE;HYDRAMINCE DYNAMISEE 1;;;BIONAISSANCE-SENSITIVE;HYALU-CREAM;TONALITE-__-G30;REVELUMIE-G15;;DESINFLAM-G15;DEMERANE-ULTRA-30G;CAPILVELT;Linhas 0;DUO-MASK;;;MAOS-NOITE-R0,035H12-DYN3;MAOS-DIA-DYNAMISEE-3;CORPO-CREME;*****;;;
16;PSM2R3A1;R0,0025H8-DYN3;HYDRAMINCE DYNAMISEE 3;;;BIONAISSANCE-SENSITIVE;HYALU-CREAM;TONALITE-__-G30;REVELUMIE-G15;;;DEMERANE-ULTRA-30G;CAPILVELT;Linhas 0;DUO-MASK;HYDRAMINCE DYNAMISEE 1;;MAOS-NOITE-R0,035H12-DYN3;MAOS-DIA-DYNAMISEE-3;CORPO-CREME;*****;;;
17;PSM2R3A2;R0,005H8-NEODELINE;HYDRAMINCE DYNAMISEE 2;;;BIONAISSANCE-SENSITIVE;HYALU-CREAM;TONALITE-__-G30;REVELUMIE-G15;;DESINFLAM-G15;DEMERANE-ULTRA-30G;CAPILVELT;Linhas 0;DUO-MASK;HYDRAMINCE DYNAMISEE 1;;MAOS-NOITE-R0,035H12-DYN3;MAOS-DIA-DYNAMISEE-3;CORPO-CREME;*****;;;
18;PSM2R3A3;R0,01H8-NEODELINE;HYDRAMINCE DYNAMISEE 1;;;BIONAISSANCE-SENSITIVE;HYALU-CREAM;TONALITE-__-G30;REVELUMIE-G15;;DESINFLAM-G15;DEMERANE-ULTRA-30G;CAPILVELT;Linhas 0;DUO-MASK;;;MAOS-NOITE-R0,035H12-DYN3;MAOS-DIA-DYNAMISEE-3;CORPO-CREME;*****;;;
19;PSM3R1A1;R0,0015H12-DYN3;HYDRAMINCE DYNAMISEE 3;;;BIONAISSANCE-SENSITIVE;HYALU-CREAM;TONALITE-__-G30;;AQUELANE-8-G30;;DEMERANE-ULTRA-30G;CAPILVELT;Linhas 0;DUO-MASK;HYDRAMINCE DYNAMISEE 1;REVELUMIE-G15;MAOS-NOITE-R0,035H12-DYN3;MAOS-DIA-DYNAMISEE-3;CORPO-CREME;*****;;;
20;PSM3R1A2;R0,0025H12-NEODELINE;HYDRAMINCE DYNAMISEE 1;;;BIONAISSANCE-SENSITIVE;HYALU-CREAM;TONALITE-__-G30;;AQUELANE-8-G30;DESINFLAM-G15;DEMERANE-ULTRA-30G;CAPILVELT;Linhas 0;DUO-MASK;;REVELUMIE-G15;MAOS-NOITE-R0,035H12-DYN3;MAOS-DIA-DYNAMISEE-3;CORPO-CREME;*****;;;
21;PSM3R1A3;R0,01H12-NEODELINE;HYDRAMINCE DYNAMISEE 1;;;BIONAISSANCE-SENSITIVE;HYALU-CREAM;TONALITE-__-G30;;AQUELANE-8-G30;DESINFLAM-G15;DEMERANE-ULTRA-30G;CAPILVELT;Linhas 0;DUO-MASK;;REVELUMIE-G15;MAOS-NOITE-R0,035H12-DYN3;MAOS-DIA-DYNAMISEE-3;CORPO-CREME;*****;;;
22;PSM3R2A1;R0,0015H12-DYN3;HYDRAMINCE DYNAMISEE 3;;;BIONAISSANCE-SENSITIVE;HYALU-CREAM;TONALITE-__-G30;;AQUELANE-8-G30;;DEMERANE-ULTRA-30G;CAPILVELT;Linhas 0;DUO-MASK;HYDRAMINCE DYNAMISEE 1;REVELUMIE-G15;MAOS-NOITE-R0,035H12-DYN3;MAOS-DIA-DYNAMISEE-3;CORPO-CREME;*****;;;
23;PSM3R2A2;R0,0025H12-NEODELINE;HYDRAMINCE DYNAMISEE 1;;;BIONAISSANCE-SENSITIVE;HYALU-CREAM;TONALITE-__-G30;;AQUELANE-8-G30;DESINFLAM-G15;DEMERANE-ULTRA-30G;CAPILVELT;Linhas 0;DUO-MASK;;REVELUMIE-G15;MAOS-NOITE-R0,035H12-DYN3;MAOS-DIA-DYNAMISEE-3;CORPO-CREME;*****;;;
24;PSM3R2A3;R0,01H12-NEODELINE;HYDRAMINCE DYNAMISEE 1;;;BIONAISSANCE-SENSITIVE;HYALU-CREAM;TONALITE-__-G30;;AQUELANE-8-G30;DESINFLAM-G15;DEMERANE-ULTRA-30G;CAPILVELT;Linhas 0;DUO-MASK;;REVELUMIE-G15;MAOS-NOITE-R0,035H12-DYN3;MAOS-DIA-DYNAMISEE-3;CORPO-CREME;*****;;;
25;PSM3R3A1;R0,0025H12-DYN3;HYDRAMINCE DYNAMISEE 3;;;BIONAISSANCE-SENSITIVE;HYALU-CREAM;TONALITE-__-G30;;AQUELANE-8-G30;;DEMERANE-ULTRA-30G;CAPILVELT;Linhas 0;DUO-MASK;HYDRAMINCE DYNAMISEE 1;REVELUMIE-G15;MAOS-NOITE-R0,035H12-DYN3;MAOS-DIA-DYNAMISEE-3;CORPO-CREME;*****;;;
26;PSM3R3A2;R0,005H12-NEODELINE;HYDRAMINCE DYNAMISEE 2;;;BIONAISSANCE-SENSITIVE;HYALU-CREAM;TONALITE-__-G30;;AQUELANE-8-G30;DESINFLAM-G15;DEMERANE-ULTRA-30G;CAPILVELT;Linhas 0;DUO-MASK;HYDRAMINCE DYNAMISEE 1;REVELUMIE-G15;MAOS-NOITE-R0,035H12-DYN3;MAOS-DIA-DYNAMISEE-3;CORPO-CREME;*****;;;
27;PSM3R3A3;R0,01H8-NEODELINE;HYDRAMINCE DYNAMISEE 1;;;BIONAISSANCE-SENSITIVE;HYALU-CREAM;TONALITE-__-G30;;AQUELANE-8-G30;DESINFLAM-G15;DEMERANE-ULTRA-30G;CAPILVELT;Linhas 0;DUO-MASK;;REVELUMIE-G15;MAOS-NOITE-R0,035H12-DYN3;MAOS-DIA-DYNAMISEE-3;CORPO-CREME;*****;;;
28;PNM1R1A1;R0,0015H3-NEODELINE;HYDRAMINCE DYNAMISEE 2;;;BIONAISSANCE-SENSITIVE;HYALU-CREAM;TONALITE-__-G30;REVELUMIE-G15;;;DEMERANE-ULTRA-30G;CAPILVELT;Linhas 0;DUO-MASK;HYDRAMINCE DYNAMISEE 1;;MAOS-NOITE-R0,035H12-DYN3;MAOS-DIA-DYNAMISEE-3;CORPO-CREME;*****;;;
29;PNM1R1A2;R0,005H3-NEODELINE;HYDRAMINCE DYNAMISEE 2;;;BIONAISSANCE-SENSITIVE;HYALU-CREAM;TONALITE-__-G30;REVELUMIE-G15;;DESINFLAM-G15;DEMERANE-ULTRA-30G;CAPILVELT;Linhas 0;DUO-MASK;HYDRAMINCE DYNAMISEE 1;;MAOS-NOITE-R0,035H12-DYN3;MAOS-DIA-DYNAMISEE-3;CORPO-CREME;*****;;;
30;PNM1R1A3;R0,01H3-NEODELINE;HYDRAMINCE DYNAMISEE 2;;;BIONAISSANCE-SENSITIVE;HYALU-CREAM;TONALITE-__-G30;REVELUMIE-G15;;DESINFLAM-G15;DEMERANE-ULTRA-30G;CAPILVELT;Linhas 0;DUO-MASK;HYDRAMINCE DYNAMISEE 1;;MAOS-NOITE-R0,035H12-DYN3;MAOS-DIA-DYNAMISEE-3;CORPO-CREME;*****;;;
31;PNM1R2A1;R0,0015H3-NEODELINE;HYDRAMINCE DYNAMISEE 2;;;BIONAISSANCE-SENSITIVE;HYALU-CREAM;TONALITE-__-G30;REVELUMIE-G15;;;DEMERANE-ULTRA-30G;CAPILVELT;Linhas 0;DUO-MASK;HYDRAMINCE DYNAMISEE 1;;MAOS-NOITE-R0,035H12-DYN3;MAOS-DIA-DYNAMISEE-3;CORPO-CREME;*****;;;
32;PNM1R2A2;R0,005H3-NEODELINE;HYDRAMINCE DYNAMISEE 2;;;BIONAISSANCE-SENSITIVE;HYALU-CREAM;TONALITE-__-G30;REVELUMIE-G15;;DESINFLAM-G15;DEMERANE-ULTRA-30G;CAPILVELT;Linhas 0;DUO-MASK;HYDRAMINCE DYNAMISEE 1;;MAOS-NOITE-R0,035H12-DYN3;MAOS-DIA-DYNAMISEE-3;CORPO-CREME;*****;;;
33;PNM1R2A3;R0,01H3-NEODELINE;HYDRAMINCE DYNAMISEE 2;;;BIONAISSANCE-SENSITIVE;HYALU-CREAM;TONALITE-__-G30;REVELUMIE-G15;;DESINFLAM-G15;DEMERANE-ULTRA-30G;CAPILVELT;Linhas 0;DUO-MASK;HYDRAMINCE DYNAMISEE 1;;MAOS-NOITE-R0,035H12-DYN3;MAOS-DIA-DYNAMISEE-3;CORPO-CREME;*****;;;
34;PNM1R3A1;R0,0025H3-NEODELINE;HYDRAMINCE DYNAMISEE 2;;;BIONAISSANCE-SENSITIVE;HYALU-CREAM;TONALITE-__-G30;REVELUMIE-G15;;;DEMERANE-ULTRA-30G;CAPILVELT;Linhas 0;DUO-MASK;HYDRAMINCE DYNAMISEE 1;;MAOS-NOITE-R0,035H12-DYN3;MAOS-DIA-DYNAMISEE-3;CORPO-CREME;*****;;;
35;PNM1R3A2;R0,005H3-NEODELINE;HYDRAMINCE DYNAMISEE 2;;;BIONAISSANCE-SENSITIVE;HYALU-CREAM;TONALITE-__-G30;REVELUMIE-G15;;DESINFLAM-G15;DEMERANE-ULTRA-30G;CAPILVELT;Linhas 0;DUO-MASK;HYDRAMINCE DYNAMISEE 1;;MAOS-NOITE-R0,035H12-DYN3;MAOS-DIA-DYNAMISEE-3;CORPO-CREME;*****;;;
36;PNM1R3A3;R0,01H3-NEODELINE;HYDRAMINCE DYNAMISEE 2;;;BIONAISSANCE-SENSITIVE;HYALU-CREAM;TONALITE-__-G30;REVELUMIE-G15;;DESINFLAM-G15;DEMERANE-ULTRA-30G;CAPILVELT;Linhas 0;DUO-MASK;HYDRAMINCE DYNAMISEE 1;;MAOS-NOITE-R0,035H12-DYN3;MAOS-DIA-DYNAMISEE-3;CORPO-CREME;*****;;;
37;PNM2R1A1;R0,0015H8-NEODELINE;HYDRAMINCE DYNAMISEE 2;;;BIONAISSANCE-SENSITIVE;HYALU-CREAM;TONALITE-__-G30;REVELUMIE-G15;;;DEMERANE-ULTRA-30G;CAPILVELT;Linhas 0;DUO-MASK;HYDRAMINCE DYNAMISEE 1;;MAOS-NOITE-R0,035H12-DYN3;MAOS-DIA-DYNAMISEE-3;CORPO-CREME;*****;;;
38;PNM2R1A2;R0,005H8-NEODELINE;HYDRAMINCE DYNAMISEE 2;;;BIONAISSANCE-SENSITIVE;HYALU-CREAM;TONALITE-__-G30;REVELUMIE-G15;;DESINFLAM-G15;DEMERANE-ULTRA-30G;CAPILVELT;Linhas 0;DUO-MASK;HYDRAMINCE DYNAMISEE 1;;MAOS-NOITE-R0,035H12-DYN3;MAOS-DIA-DYNAMISEE-3;CORPO-CREME;*****;;;
39;PNM2R1A3;R0,01H8-NEODELINE;HYDRAMINCE DYNAMISEE 2;;;BIONAISSANCE-SENSITIVE;HYALU-CREAM;TONALITE-__-G30;REVELUMIE-G15;;DESINFLAM-G15;DEMERANE-ULTRA-30G;CAPILVELT;Linhas 0;DUO-MASK;HYDRAMINCE DYNAMISEE 1;;MAOS-NOITE-R0,035H12-DYN3;MAOS-DIA-DYNAMISEE-3;CORPO-CREME;*****;;;
40;PNM2R2A1;R0,0015H8-NEODELINE;HYDRAMINCE DYNAMISEE 2;;;BIONAISSANCE-SENSITIVE;HYALU-CREAM;TONALITE-__-G30;REVELUMIE-G15;;;DEMERANE-ULTRA-30G;CAPILVELT;Linhas 0;DUO-MASK;HYDRAMINCE DYNAMISEE 1;;MAOS-NOITE-R0,035H12-DYN3;MAOS-DIA-DYNAMISEE-3;CORPO-CREME;*****;;;
41;PNM2R2A2;R0,005H8-NEODELINE;HYDRAMINCE DYNAMISEE 2;;;BIONAISSANCE-SENSITIVE;HYALU-CREAM;TONALITE-__-G30;REVELUMIE-G15;;DESINFLAM-G15;DEMERANE-ULTRA-30G;CAPILVELT;Linhas 0;DUO-MASK;HYDRAMINCE DYNAMISEE 1;;MAOS-NOITE-R0,035H12-DYN3;MAOS-DIA-DYNAMISEE-3;CORPO-CREME;*****;;;
42;PNM2R2A3;R0,01H8-NEODELINE;HYDRAMINCE DYNAMISEE 2;;;BIONAISSANCE-SENSITIVE;HYALU-CREAM;TONALITE-__-G30;REVELUMIE-G15;;DESINFLAM-G15;DEMERANE-ULTRA-30G;CAPILVELT;Linhas 0;DUO-MASK;HYDRAMINCE DYNAMISEE 1;;MAOS-NOITE-R0,035H12-DYN3;MAOS-DIA-DYNAMISEE-3;CORPO-CREME;*****;;;
43;PNM2R3A1;R0,0025H8-NEODELINE;HYDRAMINCE DYNAMISEE 2;;;BIONAISSANCE-SENSITIVE;HYALU-CREAM;TONALITE-__-G30;REVELUMIE-G15;;;DEMERANE-ULTRA-30G;CAPILVELT;Linhas 0;DUO-MASK;HYDRAMINCE DYNAMISEE 1;;MAOS-NOITE-R0,035H12-DYN3;MAOS-DIA-DYNAMISEE-3;CORPO-CREME;*****;;;
44;PNM2R3A2;R0,005H8-NEODELINE;HYDRAMINCE DYNAMISEE 2;;;BIONAISSANCE-SENSITIVE;HYALU-CREAM;TONALITE-__-G30;REVELUMIE-G15;;DESINFLAM-G15;DEMERANE-ULTRA-30G;CAPILVELT;Linhas 0;DUO-MASK;HYDRAMINCE DYNAMISEE 1;;MAOS-NOITE-R0,035H12-DYN3;MAOS-DIA-DYNAMISEE-3;CORPO-CREME;*****;;;
45;PNM2R3A3;R0,01H8-NEODELINE;HYDRAMINCE DYNAMISEE 2;;;BIONAISSANCE-SENSITIVE;HYALU-CREAM;TONALITE-__-G30;REVELUMIE-G15;;DESINFLAM-G15;DEMERANE-ULTRA-30G;CAPILVELT;Linhas 0;DUO-MASK;HYDRAMINCE DYNAMISEE 1;;MAOS-NOITE-R0,035H12-DYN3;MAOS-DIA-DYNAMISEE-3;CORPO-CREME;*****;;;
46;PNM3R1A1;R0,0015H12-NEODELINE;HYDRAMINCE DYNAMISEE 1;;;BIONAISSANCE-SENSITIVE;HYALU-CREAM;TONALITE-__-G30;;AQUELANE-8-G30;;DEMERANE-ULTRA-30G;CAPILVELT;Linhas 0;DUO-MASK;;REVELUMIE-G15;MAOS-NOITE-R0,035H12-DYN3;MAOS-DIA-DYNAMISEE-3;CORPO-CREME;*****;;;
47;PNM3R1A2;R0,005H12-NEODELINE;HYDRAMINCE DYNAMISEE 1;;;BIONAISSANCE-SENSITIVE;HYALU-CREAM;TONALITE-__-G30;;AQUELANE-8-G30;DESINFLAM-G15;DEMERANE-ULTRA-30G;CAPILVELT;Linhas 0;DUO-MASK;;REVELUMIE-G15;MAOS-NOITE-R0,035H12-DYN3;MAOS-DIA-DYNAMISEE-3;CORPO-CREME;*****;;;
48;PNM3R1A3;R0,01H12-NEODELINE;HYDRAMINCE DYNAMISEE 1;;;BIONAISSANCE-SENSITIVE;HYALU-CREAM;TONALITE-__-G30;;AQUELANE-8-G30;DESINFLAM-G15;DEMERANE-ULTRA-30G;CAPILVELT;Linhas 0;DUO-MASK;;REVELUMIE-G15;MAOS-NOITE-R0,035H12-DYN3;MAOS-DIA-DYNAMISEE-3;CORPO-CREME;*****;;;
49;PNM3R2A1;R0,0015H12-NEODELINE;HYDRAMINCE DYNAMISEE 1;;;BIONAISSANCE-SENSITIVE;HYALU-CREAM;TONALITE-__-G30;;AQUELANE-8-G30;;DEMERANE-ULTRA-30G;CAPILVELT;Linhas 0;DUO-MASK;;REVELUMIE-G15;MAOS-NOITE-R0,035H12-DYN3;MAOS-DIA-DYNAMISEE-3;CORPO-CREME;*****;;;
50;PNM3R2A2;R0,005H12-NEODELINE;HYDRAMINCE DYNAMISEE 1;;;BIONAISSANCE-SENSITIVE;HYALU-CREAM;TONALITE-__-G30;;AQUELANE-8-G30;DESINFLAM-G15;DEMERANE-ULTRA-30G;CAPILVELT;Linhas 0;DUO-MASK;;REVELUMIE-G15;MAOS-NOITE-R0,035H12-DYN3;MAOS-DIA-DYNAMISEE-3;CORPO-CREME;*****;;;
51;PNM3R2A3;R0,01H12-NEODELINE;HYDRAMINCE DYNAMISEE 1;;;BIONAISSANCE-SENSITIVE;HYALU-CREAM;TONALITE-__-G30;;AQUELANE-8-G30;DESINFLAM-G15;DEMERANE-ULTRA-30G;CAPILVELT;Linhas 0;DUO-MASK;;REVELUMIE-G15;MAOS-NOITE-R0,035H12-DYN3;MAOS-DIA-DYNAMISEE-3;CORPO-CREME;*****;;;
52;PNM3R3A1;R0,0025H12-NEODELINE;HYDRAMINCE DYNAMISEE 1;;;BIONAISSANCE-SENSITIVE;HYALU-CREAM;TONALITE-__-G30;;AQUELANE-8-G30;;DEMERANE-ULTRA-30G;CAPILVELT;Linhas 0;DUO-MASK;;REVELUMIE-G15;MAOS-NOITE-R0,035H12-DYN3;MAOS-DIA-DYNAMISEE-3;CORPO-CREME;*****;;;
53;PNM3R3A2;R0,005H12-NEODELINE;HYDRAMINCE DYNAMISEE 1;;;BIONAISSANCE-SENSITIVE;HYALU-CREAM;TONALITE-__-G30;;AQUELANE-8-G30;DESINFLAM-G15;DEMERANE-ULTRA-30G;CAPILVELT;Linhas 0;DUO-MASK;;REVELUMIE-G15;MAOS-NOITE-R0,035H12-DYN3;MAOS-DIA-DYNAMISEE-3;CORPO-CREME;*****;;;
54;PNM3R3A3;R0,01H12-NEODELINE;HYDRAMINCE DYNAMISEE 1;;;BIONAISSANCE-SENSITIVE;HYALU-CREAM;TONALITE-__-G30;;AQUELANE-8-G30;DESINFLAM-G15;DEMERANE-ULTRA-30G;CAPILVELT;Linhas 0;DUO-MASK;;REVELUMIE-G15;MAOS-NOITE-R0,035H12-DYN3;MAOS-DIA-DYNAMISEE-3;CORPO-CREME;*****;;;
55;PRM1R1A1;R0,0015H3-NEODELINE;;HYDRAMINCE SYNCHRON;HYDRAMINCE DYNAMISEE 1;BIONAISSANCE-SENSITIVE;HYALU-CREAM;TONALITE-__-G30;REVELUMIE-G15;;;DEMERANE-ULTRA-30G;CAPILVELT;Linhas 0;DUO-MASK;;;MAOS-NOITE-R0,035H12-DYN3;MAOS-DIA-DYNAMISEE-3;CORPO-CREME;*****;;;
56;PRM1R1A2;R0,005H6-NEODELINE;;HYDRAMINCE SYNCHRON;HYDRAMINCE DYNAMISEE 1;BIONAISSANCE-SENSITIVE;HYALU-CREAM;TONALITE-__-G30;REVELUMIE-G15;;DESINFLAM-G15;DEMERANE-ULTRA-30G;CAPILVELT;Linhas 0;DUO-MASK;;;MAOS-NOITE-R0,035H12-DYN3;MAOS-DIA-DYNAMISEE-3;CORPO-CREME;*****;;;
57;PRM1R1A3;R0,01H6-NEODELINE;;HYDRAMINCE SYNCHRON;HYDRAMINCE DYNAMISEE 1;BIONAISSANCE-SENSITIVE;HYALU-CREAM;TONALITE-__-G30;REVELUMIE-G15;;DESINFLAM-G15;DEMERANE-ULTRA-30G;CAPILVELT;Linhas 0;DUO-MASK;;;MAOS-NOITE-R0,035H12-DYN3;MAOS-DIA-DYNAMISEE-3;CORPO-CREME;*****;;;
58;PRM1R2A1;R0,0015H3-NEODELINE;;HYDRAMINCE SYNCHRON;HYDRAMINCE DYNAMISEE 1;BIONAISSANCE-SENSITIVE;HYALU-CREAM;TONALITE-__-G30;REVELUMIE-G15;;;DEMERANE-ULTRA-30G;CAPILVELT;Linhas 0;DUO-MASK;;;MAOS-NOITE-R0,035H12-DYN3;MAOS-DIA-DYNAMISEE-3;CORPO-CREME;*****;;;
59;PRM1R2A2;R0,005H6-NEODELINE;;HYDRAMINCE SYNCHRON;HYDRAMINCE DYNAMISEE 1;BIONAISSANCE-SENSITIVE;HYALU-CREAM;TONALITE-__-G30;REVELUMIE-G15;;DESINFLAM-G15;DEMERANE-ULTRA-30G;CAPILVELT;Linhas 0;DUO-MASK;;;MAOS-NOITE-R0,035H12-DYN3;MAOS-DIA-DYNAMISEE-3;CORPO-CREME;*****;;;
60;PRM1R2A3;R0,01H6-NEODELINE;;HYDRAMINCE SYNCHRON;HYDRAMINCE DYNAMISEE 1;BIONAISSANCE-SENSITIVE;HYALU-CREAM;TONALITE-__-G30;REVELUMIE-G15;;DESINFLAM-G15;DEMERANE-ULTRA-30G;CAPILVELT;Linhas 0;DUO-MASK;;;MAOS-NOITE-R0,035H12-DYN3;MAOS-DIA-DYNAMISEE-3;CORPO-CREME;*****;;;
61;PRM1R3A1;R0,0025H3-NEODELINE;;HYDRAMINCE SYNCHRON;HYDRAMINCE DYNAMISEE 1;BIONAISSANCE-SENSITIVE;HYALU-CREAM;TONALITE-__-G30;REVELUMIE-G15;;;DEMERANE-ULTRA-30G;CAPILVELT;Linhas 0;DUO-MASK;;;MAOS-NOITE-R0,035H12-DYN3;MAOS-DIA-DYNAMISEE-3;CORPO-CREME;*****;;;
62;PRM1R3A2;R0,005H3-NEODELINE;;HYDRAMINCE SYNCHRON;HYDRAMINCE DYNAMISEE 1;BIONAISSANCE-SENSITIVE;HYALU-CREAM;TONALITE-__-G30;REVELUMIE-G15;;DESINFLAM-G15;DEMERANE-ULTRA-30G;CAPILVELT;Linhas 0;DUO-MASK;;;MAOS-NOITE-R0,035H12-DYN3;MAOS-DIA-DYNAMISEE-3;CORPO-CREME;*****;;;
63;PRM1R3A3;R0,01H3-NEODELINE;;HYDRAMINCE SYNCHRON;HYDRAMINCE DYNAMISEE 1;BIONAISSANCE-SENSITIVE;HYALU-CREAM;TONALITE-__-G30;REVELUMIE-G15;;DESINFLAM-G15;DEMERANE-ULTRA-30G;CAPILVELT;Linhas 0;DUO-MASK;;;MAOS-NOITE-R0,035H12-DYN3;MAOS-DIA-DYNAMISEE-3;CORPO-CREME;*****;;;
64;PRM2R1A1;R0,0015H8-NEODELINE;;HYDRAMINCE SYNCHRON;HYDRAMINCE DYNAMISEE 1;BIONAISSANCE-SENSITIVE;HYALU-CREAM;TONALITE-__-G30;REVELUMIE-G15;;;DEMERANE-ULTRA-30G;CAPILVELT;Linhas 0;DUO-MASK;;;MAOS-NOITE-R0,035H12-DYN3;MAOS-DIA-DYNAMISEE-3;CORPO-CREME;*****;;;
65;PRM2R1A2;R0,005H8-NEODELINE;;HYDRAMINCE SYNCHRON;HYDRAMINCE DYNAMISEE 1;BIONAISSANCE-SENSITIVE;HYALU-CREAM;TONALITE-__-G30;REVELUMIE-G15;;DESINFLAM-G15;DEMERANE-ULTRA-30G;CAPILVELT;Linhas 0;DUO-MASK;;;MAOS-NOITE-R0,035H12-DYN3;MAOS-DIA-DYNAMISEE-3;CORPO-CREME;*****;;;
66;PRM2R1A3;R0,01H8-NEODELINE;;HYDRAMINCE SYNCHRON;HYDRAMINCE DYNAMISEE 1;BIONAISSANCE-SENSITIVE;HYALU-CREAM;TONALITE-__-G30;REVELUMIE-G15;;DESINFLAM-G15;DEMERANE-ULTRA-30G;CAPILVELT;Linhas 0;DUO-MASK;;;MAOS-NOITE-R0,035H12-DYN3;MAOS-DIA-DYNAMISEE-3;CORPO-CREME;*****;;;
67;PRM2R2A1;R0,0015H8-NEODELINE;;HYDRAMINCE SYNCHRON;HYDRAMINCE DYNAMISEE 1;BIONAISSANCE-SENSITIVE;HYALU-CREAM;TONALITE-__-G30;REVELUMIE-G15;;;DEMERANE-ULTRA-30G;CAPILVELT;Linhas 0;DUO-MASK;;;MAOS-NOITE-R0,035H12-DYN3;MAOS-DIA-DYNAMISEE-3;CORPO-CREME;*****;;;
68;PRM2R2A2;R0,005H8-NEODELINE;;HYDRAMINCE SYNCHRON;HYDRAMINCE DYNAMISEE 1;BIONAISSANCE-SENSITIVE;HYALU-CREAM;TONALITE-__-G30;REVELUMIE-G15;;DESINFLAM-G15;DEMERANE-ULTRA-30G;CAPILVELT;Linhas 0;DUO-MASK;;;MAOS-NOITE-R0,035H12-DYN3;MAOS-DIA-DYNAMISEE-3;CORPO-CREME;*****;;;
69;PRM2R2A3;R0,01H8-NEODELINE;;HYDRAMINCE SYNCHRON;HYDRAMINCE DYNAMISEE 1;BIONAISSANCE-SENSITIVE;HYALU-CREAM;TONALITE-__-G30;REVELUMIE-G15;;DESINFLAM-G15;DEMERANE-ULTRA-30G;CAPILVELT;Linhas 0;DUO-MASK;;;MAOS-NOITE-R0,035H12-DYN3;MAOS-DIA-DYNAMISEE-3;CORPO-CREME;*****;;;
70;PRM2R3A1;R0,0025H8-NEODELINE;;HYDRAMINCE SYNCHRON;HYDRAMINCE DYNAMISEE 1;BIONAISSANCE-SENSITIVE;HYALU-CREAM;TONALITE-__-G30;REVELUMIE-G15;;;DEMERANE-ULTRA-30G;CAPILVELT;Linhas 0;DUO-MASK;;;MAOS-NOITE-R0,035H12-DYN3;MAOS-DIA-DYNAMISEE-3;CORPO-CREME;*****;;;
71;PRM2R3A2;R0,005H8-NEODELINE;;HYDRAMINCE SYNCHRON;HYDRAMINCE DYNAMISEE 1;BIONAISSANCE-SENSITIVE;HYALU-CREAM;TONALITE-__-G30;REVELUMIE-G15;;DESINFLAM-G15;DEMERANE-ULTRA-30G;CAPILVELT;Linhas 0;DUO-MASK;;;MAOS-NOITE-R0,035H12-DYN3;MAOS-DIA-DYNAMISEE-3;CORPO-CREME;*****;;;
72;PRM2R3A3;R0,01H8-NEODELINE;;HYDRAMINCE SYNCHRON;HYDRAMINCE DYNAMISEE 1;BIONAISSANCE-SENSITIVE;HYALU-CREAM;TONALITE-__-G30;REVELUMIE-G15;;DESINFLAM-G15;DEMERANE-ULTRA-30G;CAPILVELT;Linhas 0;DUO-MASK;;;MAOS-NOITE-R0,035H12-DYN3;MAOS-DIA-DYNAMISEE-3;CORPO-CREME;*****;;;
73;PRM3R1A1;R0,0015H12-NEODELINE;;HYDRAMINCE SYNCHRON;HYDRAMINCE DYNAMISEE 1;BIONAISSANCE-SENSITIVE;HYALU-CREAM;TONALITE-__-G30;;AQUELANE-8-G30;;DEMERANE-ULTRA-30G;CAPILVELT;Linhas 0;DUO-MASK;;REVELUMIE-G15;MAOS-NOITE-R0,035H12-DYN3;MAOS-DIA-DYNAMISEE-3;CORPO-CREME;*****;;;
74;PRM3R1A2;R0,005H8-NEODELINE;;HYDRAMINCE SYNCHRON;HYDRAMINCE DYNAMISEE 1;BIONAISSANCE-SENSITIVE;HYALU-CREAM;TONALITE-__-G30;;AQUELANE-8-G30;DESINFLAM-G15;DEMERANE-ULTRA-30G;CAPILVELT;Linhas 0;DUO-MASK;;REVELUMIE-G15;MAOS-NOITE-R0,035H12-DYN3;MAOS-DIA-DYNAMISEE-3;CORPO-CREME;*****;;;
75;PRM3R1A3;R0,01H12-NEODELINE;;HYDRAMINCE SYNCHRON;HYDRAMINCE DYNAMISEE 1;BIONAISSANCE-SENSITIVE;HYALU-CREAM;TONALITE-__-G30;;AQUELANE-8-G30;DESINFLAM-G15;DEMERANE-ULTRA-30G;CAPILVELT;Linhas 0;DUO-MASK;;REVELUMIE-G15;MAOS-NOITE-R0,035H12-DYN3;MAOS-DIA-DYNAMISEE-3;CORPO-CREME;*****;;;
76;PRM3R2A1;R0,0015H12-NEODELINE;;HYDRAMINCE SYNCHRON;HYDRAMINCE DYNAMISEE 1;BIONAISSANCE-SENSITIVE;HYALU-CREAM;TONALITE-__-G30;;AQUELANE-8-G30;;DEMERANE-ULTRA-30G;CAPILVELT;Linhas 0;DUO-MASK;;REVELUMIE-G15;MAOS-NOITE-R0,035H12-DYN3;MAOS-DIA-DYNAMISEE-3;CORPO-CREME;*****;;;
77;PRM3R2A2;R0,005H12-NEODELINE;;HYDRAMINCE SYNCHRON;HYDRAMINCE DYNAMISEE 1;BIONAISSANCE-SENSITIVE;HYALU-CREAM;TONALITE-__-G30;;AQUELANE-8-G30;DESINFLAM-G15;DEMERANE-ULTRA-30G;CAPILVELT;Linhas 0;DUO-MASK;;REVELUMIE-G15;MAOS-NOITE-R0,035H12-DYN3;MAOS-DIA-DYNAMISEE-3;CORPO-CREME;*****;;;
78;PRM3R2A3;R0,01H12-NEODELINE;;HYDRAMINCE SYNCHRON;HYDRAMINCE DYNAMISEE 1;BIONAISSANCE-SENSITIVE;HYALU-CREAM;TONALITE-__-G30;;AQUELANE-8-G30;DESINFLAM-G15;DEMERANE-ULTRA-30G;CAPILVELT;Linhas 0;DUO-MASK;;REVELUMIE-G15;MAOS-NOITE-R0,035H12-DYN3;MAOS-DIA-DYNAMISEE-3;CORPO-CREME;*****;;;
79;PRM3R3A1;R0,0025H12-NEODELINE;;HYDRAMINCE SYNCHRON;HYDRAMINCE DYNAMISEE 1;BIONAISSANCE-SENSITIVE;HYALU-CREAM;TONALITE-__-G30;;AQUELANE-8-G30;;DEMERANE-ULTRA-30G;CAPILVELT;Linhas 0;DUO-MASK;;REVELUMIE-G15;MAOS-NOITE-R0,035H12-DYN3;MAOS-DIA-DYNAMISEE-3;CORPO-CREME;*****;;;
80;PRM3R3A2;R0,005H12-NEODELINE;;HYDRAMINCE SYNCHRON;HYDRAMINCE DYNAMISEE 1;BIONAISSANCE-SENSITIVE;HYALU-CREAM;TONALITE-__-G30;;AQUELANE-8-G30;DESINFLAM-G15;DEMERANE-ULTRA-30G;CAPILVELT;Linhas 0;DUO-MASK;;REVELUMIE-G15;MAOS-NOITE-R0,035H12-DYN3;MAOS-DIA-DYNAMISEE-3;CORPO-CREME;*****;;;
81;PRM3R3A3;R0,01H12-NEODELINE;;HYDRAMINCE SYNCHRON;HYDRAMINCE DYNAMISEE 1;BIONAISSANCE-SENSITIVE;HYALU-CREAM;TONALITE-__-G30;;AQUELANE-8-G30;DESINFLAM-G15;DEMERANE-ULTRA-30G;CAPILVELT;Linhas 0;DUO-MASK;;REVELUMIE-G15;MAOS-NOITE-R0,035H12-DYN3;MAOS-DIA-DYNAMISEE-3;CORPO-CREME;*****;;;
82;PMM1R1A1;R0,0015H3-NEODELINE;HYDRAMINCE SYNCHRON;;;BIONAISSANCE-SENSITIVE;HYALU GEL;TONALITE-__-G30;REVELUMIE-G15;;;DEMERANE-ULTRA-30G;CAPILVELT;Linhas 0;DUO-MASK;;;MAOS-NOITE-R0,035H12-DYN3;MAOS-DIA-DYNAMISEE-3;CORPO-CREME;*****;;;
83;PMM1R1A2;R0,005H3-NEODELINE;HYDRAMINCE SYNCHRON;;;BIONAISSANCE-SENSITIVE;HYALU-GEL;TONALITE-__-G30;REVELUMIE-G15;;DESINFLAM-G15;DEMERANE-ULTRA-30G;CAPILVELT;Linhas 0;DUO-MASK;;;MAOS-NOITE-R0,035H12-DYN3;MAOS-DIA-DYNAMISEE-3;CORPO-CREME;*****;;;
84;PMM1R1A3;R0,01H3-NEODELINE;HYDRAMINCE SYNCHRON;;;BIONAISSANCE-SENSITIVE;HYALU-GEL;TONALITE-__-G30;REVELUMIE-G15;;DESINFLAM-G15;DEMERANE-ULTRA-30G;CAPILVELT;Linhas 0;DUO-MASK;;;MAOS-NOITE-R0,035H12-DYN3;MAOS-DIA-DYNAMISEE-3;CORPO-CREME;*****;;;
85;PMM1R2A1;R0,0015H3-NEODELINE;HYDRAMINCE SYNCHRON;;;BIONAISSANCE-SENSITIVE;HYALU-GEL;TONALITE-__-G30;REVELUMIE-G15;;;DEMERANE-ULTRA-30G;CAPILVELT;Linhas 0;DUO-MASK;;;MAOS-NOITE-R0,035H12-DYN3;MAOS-DIA-DYNAMISEE-3;CORPO-CREME;*****;;;
86;PMM1R2A2;R0,005H3-NEODELINE;HYDRAMINCE SYNCHRON;;;BIONAISSANCE-SENSITIVE;HYALU-GEL;TONALITE-__-G30;REVELUMIE-G15;;DESINFLAM-G15;DEMERANE-ULTRA-30G;CAPILVELT;Linhas 0;DUO-MASK;;;MAOS-NOITE-R0,035H12-DYN3;MAOS-DIA-DYNAMISEE-3;CORPO-CREME;*****;;;
87;PMM1R2A3;R0,01H3-NEODELINE;HYDRAMINCE SYNCHRON;;;BIONAISSANCE-SENSITIVE;HYALU-GEL;TONALITE-__-G30;REVELUMIE-G15;;DESINFLAM-G15;DEMERANE-ULTRA-30G;CAPILVELT;Linhas 0;DUO-MASK;;;MAOS-NOITE-R0,035H12-DYN3;MAOS-DIA-DYNAMISEE-3;CORPO-CREME;*****;;;
88;PMM1R3A1;R0,0025H3-NEODELINE;HYDRAMINCE SYNCHRON;;;BIONAISSANCE-SENSITIVE;HYALU-GEL;TONALITE-__-G30;REVELUMIE-G15;;;DEMERANE-ULTRA-30G;CAPILVELT;Linhas 0;DUO-MASK;;;MAOS-NOITE-R0,035H12-DYN3;MAOS-DIA-DYNAMISEE-3;CORPO-CREME;*****;;;
89;PMM1R3A2;R0,005H3-NEODELINE;HYDRAMINCE SYNCHRON;;;BIONAISSANCE-SENSITIVE;HYALU-GEL;TONALITE-__-G30;REVELUMIE-G15;;DESINFLAM-G15;DEMERANE-ULTRA-30G;CAPILVELT;Linhas 0;DUO-MASK;;;MAOS-NOITE-R0,035H12-DYN3;MAOS-DIA-DYNAMISEE-3;CORPO-CREME;*****;;;
90;PMM1R3A3;R0,01H3-NEODELINE;HYDRAMINCE SYNCHRON;;;BIONAISSANCE-SENSITIVE;HYALU-GEL;TONALITE-__-G30;REVELUMIE-G15;;DESINFLAM-G15;DEMERANE-ULTRA-30G;CAPILVELT;Linhas 0;DUO-MASK;;;MAOS-NOITE-R0,035H12-DYN3;MAOS-DIA-DYNAMISEE-3;CORPO-CREME;*****;;;
91;PMM2R1A1;R0,0015H8-NEODELINE;HYDRAMINCE SYNCHRON;;;BIONAISSANCE-SENSITIVE;HYALU-GEL;TONALITE-__-G30;REVELUMIE-G15;;;DEMERANE-ULTRA-30G;CAPILVELT;Linhas 0;DUO-MASK;;;MAOS-NOITE-R0,035H12-DYN3;MAOS-DIA-DYNAMISEE-3;CORPO-CREME;*****;;;
92;PMM2R1A2;R0,005H8-NEODELINE;HYDRAMINCE SYNCHRON;;;BIONAISSANCE-SENSITIVE;HYALU-GEL;TONALITE-__-G30;REVELUMIE-G15;;DESINFLAM-G15;DEMERANE-ULTRA-30G;CAPILVELT;Linhas 0;DUO-MASK;;;MAOS-NOITE-R0,035H12-DYN3;MAOS-DIA-DYNAMISEE-3;CORPO-CREME;*****;;;
93;PMM2R1A3;R0,01H8-NEODELINE;HYDRAMINCE SYNCHRON;;;BIONAISSANCE-SENSITIVE;HYALU-GEL;TONALITE-__-G30;REVELUMIE-G15;;DESINFLAM-G15;DEMERANE-ULTRA-30G;CAPILVELT;Linhas 0;DUO-MASK;;;MAOS-NOITE-R0,035H12-DYN3;MAOS-DIA-DYNAMISEE-3;CORPO-CREME;*****;;;
94;PMM2R2A1;R0,0015H8-NEODELINE;HYDRAMINCE SYNCHRON;;;BIONAISSANCE-SENSITIVE;HYALU-GEL;TONALITE-__-G30;REVELUMIE-G15;;;DEMERANE-ULTRA-30G;CAPILVELT;Linhas 0;DUO-MASK;;;MAOS-NOITE-R0,035H12-DYN3;MAOS-DIA-DYNAMISEE-3;CORPO-CREME;*****;;;
95;PMM2R2A2;R0,005H8-NEODELINE;HYDRAMINCE SYNCHRON;;;BIONAISSANCE-SENSITIVE;HYALU-GEL;TONALITE-__-G30;REVELUMIE-G15;;DESINFLAM-G15;DEMERANE-ULTRA-30G;CAPILVELT;Linhas 0;DUO-MASK;;;MAOS-NOITE-R0,035H12-DYN3;MAOS-DIA-DYNAMISEE-3;CORPO-CREME;*****;;;
96;PMM2R2A3;R0,01H8-NEODELINE;HYDRAMINCE SYNCHRON;;;BIONAISSANCE-SENSITIVE;HYALU-GEL;TONALITE-__-G30;REVELUMIE-G15;;DESINFLAM-G15;DEMERANE-ULTRA-30G;CAPILVELT;Linhas 0;DUO-MASK;;;MAOS-NOITE-R0,035H12-DYN3;MAOS-DIA-DYNAMISEE-3;CORPO-CREME;*****;;;
97;PMM2R3A1;R0,0025H8-NEODELINE;HYDRAMINCE SYNCHRON;;;BIONAISSANCE-SENSITIVE;HYALU-GEL;TONALITE-__-G30;REVELUMIE-G15;;;DEMERANE-ULTRA-30G;CAPILVELT;Linhas 0;DUO-MASK;;;MAOS-NOITE-R0,035H12-DYN3;MAOS-DIA-DYNAMISEE-3;CORPO-CREME;*****;;;
98;PMM2R3A2;R0,005H8-NEODELINE;HYDRAMINCE SYNCHRON;;;BIONAISSANCE-SENSITIVE;HYALU-GEL;TONALITE-__-G30;REVELUMIE-G15;;DESINFLAM-G15;DEMERANE-ULTRA-30G;CAPILVELT;Linhas 0;DUO-MASK;;;MAOS-NOITE-R0,035H12-DYN3;MAOS-DIA-DYNAMISEE-3;CORPO-CREME;*****;;;
99;PMM2R3A3;R0,01H8-NEODELINE;HYDRAMINCE SYNCHRON;;;BIONAISSANCE-SENSITIVE;HYALU-GEL;TONALITE-__-G30;REVELUMIE-G15;;DESINFLAM-G15;DEMERANE-ULTRA-30G;CAPILVELT;Linhas 0;DUO-MASK;;;MAOS-NOITE-R0,035H12-DYN3;MAOS-DIA-DYNAMISEE-3;CORPO-CREME;*****;;;
100;PMM3R1A1;R0,0015H12-NEODELINE;HYDRAMINCE SYNCHRON;;;BIONAISSANCE-SENSITIVE;HYALU-GEL;TONALITE-__-G30;;AQUELANE-8-G30;;DEMERANE-ULTRA-30G;CAPILVELT;Linhas 0;DUO-MASK;;REVELUMIE-G15;MAOS-NOITE-R0,035H12-DYN3;MAOS-DIA-DYNAMISEE-3;CORPO-CREME;*****;;;
101;PMM3R1A2;R0,005H12-NEODELINE;HYDRAMINCE SYNCHRON;;;BIONAISSANCE-SENSITIVE;HYALU-GEL;TONALITE-__-G30;;AQUELANE-8-G30;DESINFLAM-G15;DEMERANE-ULTRA-30G;CAPILVELT;Linhas 0;DUO-MASK;;REVELUMIE-G15;MAOS-NOITE-R0,035H12-DYN3;MAOS-DIA-DYNAMISEE-3;CORPO-CREME;*****;;;
102;PMM3R1A3;R0,01H12-NEODELINE;HYDRAMINCE SYNCHRON;;;BIONAISSANCE-SENSITIVE;HYALU-GEL;TONALITE-__-G30;;AQUELANE-8-G30;DESINFLAM-G15;DEMERANE-ULTRA-30G;CAPILVELT;Linhas 0;DUO-MASK;;REVELUMIE-G15;MAOS-NOITE-R0,035H12-DYN3;MAOS-DIA-DYNAMISEE-3;CORPO-CREME;*****;;;
103;PMM3R2A1;R0,0015H12-NEODELINE;HYDRAMINCE SYNCHRON;;;BIONAISSANCE-SENSITIVE;HYALU-GEL;TONALITE-__-G30;;AQUELANE-8-G30;;DEMERANE-ULTRA-30G;CAPILVELT;Linhas 0;DUO-MASK;;REVELUMIE-G15;MAOS-NOITE-R0,035H12-DYN3;MAOS-DIA-DYNAMISEE-3;CORPO-CREME;*****;;;
104;PMM3R2A2;R0,005H12-NEODELINE;HYDRAMINCE SYNCHRON;;;BIONAISSANCE-SENSITIVE;HYALU-GEL;TONALITE-__-G30;;AQUELANE-8-G30;DESINFLAM-G15;DEMERANE-ULTRA-30G;CAPILVELT;Linhas 0;DUO-MASK;;REVELUMIE-G15;MAOS-NOITE-R0,035H12-DYN3;MAOS-DIA-DYNAMISEE-3;CORPO-CREME;*****;;;
105;PMM3R2A3;R0,01H12-NEODELINE;HYDRAMINCE SYNCHRON;;;BIONAISSANCE-SENSITIVE;HYALU-GEL;TONALITE-__-G30;;AQUELANE-8-G30;DESINFLAM-G15;DEMERANE-ULTRA-30G;CAPILVELT;Linhas 0;DUO-MASK;;REVELUMIE-G15;MAOS-NOITE-R0,035H12-DYN3;MAOS-DIA-DYNAMISEE-3;CORPO-CREME;*****;;;
106;PMM3R3A1;R0,0025H12-NEODELINE;HYDRAMINCE SYNCHRON;;;BIONAISSANCE-SENSITIVE;HYALU-GEL;TONALITE-__-G30;;AQUELANE-8-G30;;DEMERANE-ULTRA-30G;CAPILVELT;Linhas 0;DUO-MASK;;REVELUMIE-G15;MAOS-NOITE-R0,035H12-DYN3;MAOS-DIA-DYNAMISEE-3;CORPO-CREME;*****;;;
107;PMM3R3A2;R0,005H12-NEODELINE;HYDRAMINCE SYNCHRON;;;BIONAISSANCE-SENSITIVE;HYALU-GEL;TONALITE-__-G30;;AQUELANE-8-G30;DESINFLAM-G15;DEMERANE-ULTRA-30G;CAPILVELT;Linhas 0;DUO-MASK;;REVELUMIE-G15;MAOS-NOITE-R0,035H12-DYN3;MAOS-DIA-DYNAMISEE-3;CORPO-CREME;*****;;;
108;PMM3R3A3;R0,01H12-NEODELINE;HYDRAMINCE SYNCHRON;;;BIONAISSANCE-SENSITIVE;HYALU-GEL;TONALITE-__-G30;;AQUELANE-8-G30;DESINFLAM-G15;DEMERANE-ULTRA-30G;CAPILVELT;Linhas 0;DUO-MASK;;REVELUMIE-G15;MAOS-NOITE-R0,035H12-DYN3;MAOS-DIA-DYNAMISEE-3;CORPO-CREME;*****;;;
109;POM1R1A1;R0,0025H3-NEODELINE;HYDRAMINCE SYNCHRON;;;BIONAISSANCE-SENSITIVE;HYALU-GEL;TONALITE-__-G30;REVELUMIE-G15;;;DEMERANE-ULTRA-30G;CAPILVELT;Linhas 0;DUO-MASK;;;MAOS-NOITE-R0,035H12-DYN3;MAOS-DIA-DYNAMISEE-3;CORPO-CREME;*****;;;
110;POM1R1A2;R0,005H3-NEODELINE;HYDRAMINCE SYNCHRON;;;BIONAISSANCE-SENSITIVE;HYALU-GEL;TONALITE-__-G30;REVELUMIE-G15;;DESINFLAM-G15;DEMERANE-ULTRA-30G;CAPILVELT;Linhas 0;DUO-MASK;;;MAOS-NOITE-R0,035H12-DYN3;MAOS-DIA-DYNAMISEE-3;CORPO-CREME;*****;;;
111;POM1R1A3;R0,01H3-NEODELINE;HYDRAMINCE SYNCHRON;;;BIONAISSANCE-SENSITIVE;HYALU-GEL;TONALITE-__-G30;REVELUMIE-G15;;DESINFLAM-G15;DEMERANE-ULTRA-30G;CAPILVELT;Linhas 0;DUO-MASK;;;MAOS-NOITE-R0,035H12-DYN3;MAOS-DIA-DYNAMISEE-3;CORPO-CREME;*****;;;
112;POM1R2A1;R0,0025H3-NEODELINE;HYDRAMINCE SYNCHRON;;;BIONAISSANCE-SENSITIVE;HYALU-GEL;TONALITE-__-G30;REVELUMIE-G15;;;DEMERANE-ULTRA-30G;CAPILVELT;Linhas 0;DUO-MASK;;;MAOS-NOITE-R0,035H12-DYN3;MAOS-DIA-DYNAMISEE-3;CORPO-CREME;*****;;;
113;POM1R2A2;R0,005H3-NEODELINE;HYDRAMINCE SYNCHRON;;;BIONAISSANCE-SENSITIVE;HYALU-GEL;TONALITE-__-G30;REVELUMIE-G15;;DESINFLAM-G15;DEMERANE-ULTRA-30G;CAPILVELT;Linhas 0;DUO-MASK;;;MAOS-NOITE-R0,035H12-DYN3;MAOS-DIA-DYNAMISEE-3;CORPO-CREME;*****;;;
114;POM1R2A3;R0,015H12-NEODELINE;HYDRAMINCE SYNCHRON;;;BIONAISSANCE-SENSITIVE;HYALU-GEL;TONALITE-__-G30;REVELUMIE-G15;;DESINFLAM-G15;DEMERANE-ULTRA-30G;CAPILVELT;Linhas 0;DUO-MASK;;;MAOS-NOITE-R0,035H12-DYN3;MAOS-DIA-DYNAMISEE-3;CORPO-CREME;*****;;;
115;POM1R3A1;R0,015H12-NEODELINE;HYDRAMINCE SYNCHRON;;;BIONAISSANCE-SENSITIVE;HYALU-GEL;TONALITE-__-G30;REVELUMIE-G15;;;DEMERANE-ULTRA-30G;CAPILVELT;Linhas 0;DUO-MASK;;;MAOS-NOITE-R0,035H12-DYN3;MAOS-DIA-DYNAMISEE-3;CORPO-CREME;*****;;;
116;POM1R3A2;R0,01H3-NEODELINE;HYDRAMINCE SYNCHRON;;;BIONAISSANCE-SENSITIVE;HYALU-GEL;TONALITE-__-G30;REVELUMIE-G15;;DESINFLAM-G15;DEMERANE-ULTRA-30G;CAPILVELT;Linhas 0;DUO-MASK;;;MAOS-NOITE-R0,035H12-DYN3;MAOS-DIA-DYNAMISEE-3;CORPO-CREME;*****;;;
117;POM1R3A3;R0,015H12-NEODELINE;HYDRAMINCE SYNCHRON;;;BIONAISSANCE-SENSITIVE;HYALU-GEL;TONALITE-__-G30;REVELUMIE-G15;;DESINFLAM-G15;DEMERANE-ULTRA-30G;CAPILVELT;Linhas 0;DUO-MASK;;;MAOS-NOITE-R0,035H12-DYN3;MAOS-DIA-DYNAMISEE-3;CORPO-CREME;*****;;;
118;POM2R1A1;R0,0025H8-NEODELINE;HYDRAMINCE SYNCHRON;;;BIONAISSANCE-SENSITIVE;HYALU-GEL;TONALITE-__-G30;REVELUMIE-G15;;;DEMERANE-ULTRA-30G;CAPILVELT;Linhas 0;DUO-MASK;;;MAOS-NOITE-R0,035H12-DYN3;MAOS-DIA-DYNAMISEE-3;CORPO-CREME;*****;;;
119;POM2R1A2;R0,005H8-NEODELINE;HYDRAMINCE SYNCHRON;;;BIONAISSANCE-SENSITIVE;HYALU-GEL;TONALITE-__-G30;REVELUMIE-G15;;DESINFLAM-G15;DEMERANE-ULTRA-30G;CAPILVELT;Linhas 0;DUO-MASK;;;MAOS-NOITE-R0,035H12-DYN3;MAOS-DIA-DYNAMISEE-3;CORPO-CREME;*****;;;
120;POM2R1A3;R0,01H8-NEODELINE;HYDRAMINCE SYNCHRON;;;BIONAISSANCE-SENSITIVE;HYALU-GEL;TONALITE-__-G30;REVELUMIE-G15;;DESINFLAM-G15;DEMERANE-ULTRA-30G;CAPILVELT;Linhas 0;DUO-MASK;;;MAOS-NOITE-R0,035H12-DYN3;MAOS-DIA-DYNAMISEE-3;CORPO-CREME;*****;;;
121;POM2R2A1;R0,0025H8-NEODELINE;HYDRAMINCE SYNCHRON;;;BIONAISSANCE-SENSITIVE;HYALU-GEL;TONALITE-__-G30;REVELUMIE-G15;;;DEMERANE-ULTRA-30G;CAPILVELT;Linhas 0;DUO-MASK;;;MAOS-NOITE-R0,035H12-DYN3;MAOS-DIA-DYNAMISEE-3;CORPO-CREME;*****;;;
122;POM2R2A2;R0,005H8-NEODELINE;HYDRAMINCE SYNCHRON;;;BIONAISSANCE-SENSITIVE;HYALU-GEL;TONALITE-__-G30;REVELUMIE-G15;;DESINFLAM-G15;DEMERANE-ULTRA-30G;CAPILVELT;Linhas 0;DUO-MASK;;;MAOS-NOITE-R0,035H12-DYN3;MAOS-DIA-DYNAMISEE-3;CORPO-CREME;*****;;;
123;POM2R2A3;R0,01H8-NEODELINE;HYDRAMINCE SYNCHRON;;;BIONAISSANCE-SENSITIVE;HYALU-GEL;TONALITE-__-G30;REVELUMIE-G15;;DESINFLAM-G15;DEMERANE-ULTRA-30G;CAPILVELT;Linhas 0;DUO-MASK;;;MAOS-NOITE-R0,035H12-DYN3;MAOS-DIA-DYNAMISEE-3;CORPO-CREME;*****;;;
124;POM2R3A1;R0,015H12-NEODELINE;HYDRAMINCE SYNCHRON;;;BIONAISSANCE-SENSITIVE;HYALU-GEL;TONALITE-__-G30;REVELUMIE-G15;;;DEMERANE-ULTRA-30G;CAPILVELT;Linhas 0;DUO-MASK;;;MAOS-NOITE-R0,035H12-DYN3;MAOS-DIA-DYNAMISEE-3;CORPO-CREME;*****;;;
125;POM2R3A2;R0,015H12-NEODELINE;HYDRAMINCE SYNCHRON;;;BIONAISSANCE-SENSITIVE;HYALU-GEL;TONALITE-__-G30;REVELUMIE-G15;;DESINFLAM-G15;DEMERANE-ULTRA-30G;CAPILVELT;Linhas 0;DUO-MASK;;;MAOS-NOITE-R0,035H12-DYN3;MAOS-DIA-DYNAMISEE-3;CORPO-CREME;*****;;;
126;POM2R3A3;R0,015H12-NEODELINE;HYDRAMINCE SYNCHRON;;;BIONAISSANCE-SENSITIVE;HYALU-GEL;TONALITE-__-G30;REVELUMIE-G15;;DESINFLAM-G15;DEMERANE-ULTRA-30G;CAPILVELT;Linhas 0;DUO-MASK;;;MAOS-NOITE-R0,035H12-DYN3;MAOS-DIA-DYNAMISEE-3;CORPO-CREME;*****;;;
127;POM3R1A1;R0,0025H12-NEODELINE;HYDRAMINCE SYNCHRON;;;BIONAISSANCE-SENSITIVE;HYALU-GEL;TONALITE-__-G30;;AQUELANE-8-G30;;DEMERANE-ULTRA-30G;CAPILVELT;Linhas 0;DUO-MASK;;REVELUMIE-G15;MAOS-NOITE-R0,035H12-DYN3;MAOS-DIA-DYNAMISEE-3;CORPO-CREME;*****;;;
128;POM3R1A2;R0,005H12-NEODELINE;HYDRAMINCE SYNCHRON;;;BIONAISSANCE-SENSITIVE;HYALU-GEL;TONALITE-__-G30;;AQUELANE-8-G30;DESINFLAM-G15;DEMERANE-ULTRA-30G;CAPILVELT;Linhas 0;DUO-MASK;;REVELUMIE-G15;MAOS-NOITE-R0,035H12-DYN3;MAOS-DIA-DYNAMISEE-3;CORPO-CREME;*****;;;
129;POM3R1A3;R0,01H12-NEODELINE;HYDRAMINCE SYNCHRON;;;BIONAISSANCE-SENSITIVE;HYALU-GEL;TONALITE-__-G30;;AQUELANE-8-G30;DESINFLAM-G15;DEMERANE-ULTRA-30G;CAPILVELT;Linhas 0;DUO-MASK;;REVELUMIE-G15;MAOS-NOITE-R0,035H12-DYN3;MAOS-DIA-DYNAMISEE-3;CORPO-CREME;*****;;;
130;POM3R2A1;R0,0025H12-NEODELINE;HYDRAMINCE SYNCHRON;;;BIONAISSANCE-SENSITIVE;HYALU-GEL;TONALITE-__-G30;;AQUELANE-8-G30;;DEMERANE-ULTRA-30G;CAPILVELT;Linhas 0;DUO-MASK;;REVELUMIE-G15;MAOS-NOITE-R0,035H12-DYN3;MAOS-DIA-DYNAMISEE-3;CORPO-CREME;*****;;;
131;POM3R2A2;R0,005H12-NEODELINE;HYDRAMINCE SYNCHRON;;;BIONAISSANCE-SENSITIVE;HYALU-GEL;TONALITE-__-G30;;AQUELANE-8-G30;DESINFLAM-G15;DEMERANE-ULTRA-30G;CAPILVELT;Linhas 0;DUO-MASK;;REVELUMIE-G15;MAOS-NOITE-R0,035H12-DYN3;MAOS-DIA-DYNAMISEE-3;CORPO-CREME;*****;;;
132;POM3R2A3;R0,01H12-NEODELINE;HYDRAMINCE SYNCHRON;;;BIONAISSANCE-SENSITIVE;HYALU-GEL;TONALITE-__-G30;;AQUELANE-8-G30;DESINFLAM-G15;DEMERANE-ULTRA-30G;CAPILVELT;Linhas 0;DUO-MASK;;REVELUMIE-G15;MAOS-NOITE-R0,035H12-DYN3;MAOS-DIA-DYNAMISEE-3;CORPO-CREME;*****;;;
133;POM3R3A1;R0,015H12-NEODELINE;HYDRAMINCE SYNCHRON;;;BIONAISSANCE-SENSITIVE;HYALU-GEL;TONALITE-__-G30;;AQUELANE-8-G30;;DEMERANE-ULTRA-30G;CAPILVELT;Linhas 0;DUO-MASK;;REVELUMIE-G15;MAOS-NOITE-R0,035H12-DYN3;MAOS-DIA-DYNAMISEE-3;CORPO-CREME;*****;;;
134;POM3R3A2;R0,015H12-NEODELINE;HYDRAMINCE SYNCHRON;;;BIONAISSANCE-SENSITIVE;HYALU-GEL;TONALITE-__-G30;;AQUELANE-8-G30;DESINFLAM-G15;DEMERANE-ULTRA-30G;CAPILVELT;Linhas 0;DUO-MASK;;REVELUMIE-G15;MAOS-NOITE-R0,035H12-DYN3;MAOS-DIA-DYNAMISEE-3;CORPO-CREME;*****;;;
135;POM3R3A3;R0,015H12-NEODELINE;HYDRAMINCE SYNCHRON;;;BIONAISSANCE-SENSITIVE;HYALU-GEL;TONALITE-__-G30;;AQUELANE-8-G30;DESINFLAM-G15;DEMERANE-ULTRA-30G;CAPILVELT;Linhas 0;DUO-MASK;;REVELUMIE-G15;MAOS-NOITE-R0,035H12-DYN3;MAOS-DIA-DYNAMISEE-3;CORPO-CREME;*****;;;
;;;;;;;;;;;;;;;;;;;;;;;;
;;;;;;;;;;;;;;;;;;;;;;;;
"LEGENDA:

FUNDO ROSA: PRODUTOS QUE SE REPETEM EM TODOS CASOS CLINICOS.

MAS ISSO NÃO QUER DIZER QUE TODOS SERÃO INDICADOS NA RECEITA DO ALGORITMO, , POR EX, O DMAE ESTÁ EM TODOS, MAS SÓ É RECEITADO PELO ALGORITMO SE FOR SELECIONADO NO QUESTIONÁRO ""FLACIDEZ"" ""MÉDIA ""OU ""MUITA"". SE SELECIONAR ""POUCA OU NENHUMA"", ELE NÃO APARECE DA RECEITA. Por isso que no cabeçalho acima a a palavra ""teste"". Teste aqui quer diszer que só receitará se for selecionado no quastionário.
";;;;;;;;;;;;;;;;;;;;;;;;
;;;;;;;;;;;;;;;;;;;;;;;;
;;;;;;;;;;;;;;;;;;;;;;;;
;;;;;;;;;;;;;;;;;;;;;;;;
;;;;;;;;;;;;;;;;;;;;;;;;
;;;;;;;;;;;;;;;;;;;;;;;;
;;;;;;;;;;;;;;;;;;;;;;;;
;;;;;;;;;;;;;;;;;;;;;;;;
;;;;;;;;;;;;;;;;;;;;;;;;
;;;;;;;;;;;;;;;;;;;;;;;;
;;;;;;;;;;;;;;;;;;;;;;;;
;;;;;;;;;;;;;;;;;;;;;;;;